id,group,message,historical_reply,reply_id,created_at,intent,escalate,label_reason,annotator,label_source
2290330,7090cea00952d575dbdf7ed83be02dfc6b02d6850f8a982af93453070573365d,[USER] what is the purpose of getting prime when you can't deliver next day despite an office address was given?,"[USER] That's certainly not what we thrive to deliver. Kindly elaborate your concern, we would like to help you. ^CB",2290328,Fri Nov 10 11:45:36 +0000 2017,delivery,1,Prime next-day promise missed; needs order lookup,CB,human
990233,4f853112ea937b4d6dbe216cba3a34fc004259e0ffeb68d21023bc28066288e8,Thanks for the empty package in today’s post [USER] Just what I was looking for. #WTF? #AmazonFail [URL],[USER] Sorry to hear it. Please get in touch via [URL] and we'll be happy to help. ^BM,990232,Sat Oct 14 11:29:50 +0000 2017,delivery,1,Empty package; missing-contents delivery issue,CB,human
382620,f1c434e37a3d820c837c76faf9b91b8a09c93ae0bae7cd91b4a774c83351e9a5,[USER] Please deliver my MotoG5s plus.,[USER] We ship the products to meet the estimates. Could you please tell us if we've missed the estimated delivery date? ^HN,382618,Mon Oct 09 09:13:59 +0000 2017,delivery,1,Asks to deliver a specific device,CB,human
1739854,1e1a986e44638997633e8c01c89d8ce771c0e7a38a166dd4e9a3f30440a8006e,[USER] Disgusted by ur services! Ur customer care agent CANCELLED my order WITHOUT my consent. Moreover order ws accepted WITHOUT stock!,[USER] your details here: [URL] and we'll sort this for you at the earliest. 2/2 ^KH [USER] I'm sorry about the unpleasant experience you've had. We'd like to understand more about this and assist. Kindly share1/2 ^KH,"1739853,1739855",Tue Nov 07 16:37:02 +0000 2017,refund_return,1,Order cancelled without consent,CB,human
17686,bf679b36f9a0280836b31849b0db768342a20e6c222549b0dab8ae34fe218848,[USER] hey I started a Amazon prime trial..i was charged $1..wats that about ?,"[USER] When you sign up for a Prime free trial, we send an authorization to your bank. Here's more info: [URL] ^JP",17684,Wed Nov 01 04:15:40 +0000 2017,payment,1,Unexpected $1 Prime-trial charge,CB,human
2825607,b6c38b810ca9aab90887c4538a47304b59bad81dc32f0e09c468e49a073f72ec,[USER] I placed a per-order for Xanathar's Guide To Everything back in July and I gotta I am beyond annoyed that the pre-order was never fulfilled. The book hasn't even been dispatched. What's going on? [USER] [USER] [USER],[USER] I'm sorry to hear that. Has the book already been released in the UK? Was there an estimated delivery date given to you in your confirmation email?^MA,2825605,Mon Nov 27 09:57:17 +0000 2017,delivery,1,Pre-order never dispatched,CB,human
1622634,60150c808877accbb68522f9c3dd4c636c98e2cd3c8a2837a222966d87859565,[USER] you say next day delivery now I find it’s Monday !!amazon prime ??,[USER] I'm sorry for any disappointment. One-Day Delivery starts once the item is available to ship: [URL] ^MG,1622632,Sun Nov 05 17:11:23 +0000 2017,delivery,1,Next-day delivery slipped to Monday,CB,human
954937,045d0d15b7837557b6e0cf2fbadc173ccb67607d8327c23aaff73337afd20aaa,"I just figured? Since ppl already bought the items I want in the quantity I need, I'll be good for a while. [USER] is this a problem? [URL]","[USER] Just to clarify, if you delete something from your wishlist, it will no longer be visible unless you re-add it. ^AC",954935,Sat Oct 21 21:17:12 +0000 2017,other,1,Wishlist/URL context is not interpretable from text alone,CB,human
259408,c2541d659478f648616996a923257f3dd7883d5afc661834f85c50bfaf155e8e,[USER] just bought two Disney blu-rays from the 2 for £14 deal but seem to have been charged full price at checkout.,"[USER] I'm sorry! We don't have access to your order details via Twitter, please reach out to us here: [URL] ^ME",259407,Thu Oct 05 20:24:02 +0000 2017,payment,1,Promo price not applied at checkout,CB,human
2652457,c7d4ab7e2a7762d819ac81a130afd80519d2affe6f3d3e97144a47a8dcd144e6,[USER] I got this message from Amazon but the amount 5000is not credited in my Amazon pay balance wallet [URL],[USER] Sorry to hear about your amazon account balance. Have you reported it to the support team here: [URL] ^HR,2652456,Sun Nov 19 06:56:22 +0000 2017,payment,1,Amazon Pay credit missing,CB,human
1972845,a748cbdc685986a0fac816271631867b96040c3f579179d4c38a8875973c69d4,[USER] Maybe 2 mins not quite long enough to allow customers in live chat? Particularly for those who are disabled and find typing a longer process. In the middle of a chat and I've been disconnected!,"[USER] I'm sorry to hear of this Ruth, chats should only be disconnected if they are idle and show no sign of someone typing. Without providing any personal information can you let us know what your query was? ^KI",1972843,Sun Nov 26 10:04:03 +0000 2017,feedback,1,Live-chat disconnect for a disabled customer,CB,human
222856,b32042a071f2dc3f85c9a15af0d227230c36ccc42fb79325064c75c5bc115932,[USER] We would like to see SBI and ICICI debit/credit cards also signed up for cash back offers along with Citi Bank.,[USER] Thanks for taking your time out. I'll make sure to forward your comments to our teams (1/2) ^VM [USER] internally so that we can have a review on this. (2/2) ^VM,"222855,222857",Thu Oct 05 03:11:35 +0000 2017,feedback,0,Card cashback suggestion; acknowledgement is enough,CB,human
911953,c1e9f5daeeee4f747df0230a4ccfb8344a83a4ddc851db9600eea7ae98aede62,"worst experience [USER] even though dropping a mail to CEO - Mr. Jeff, no revert yet on my iPhone order no. [ORDER_ID]",[USER] I'm sorry to know the issue hasn't been resolved. I'd like to look into the issue and resolve it on priority. Please 1/3 ^SH [USER] provide your details here: [URL] and I'll get back to you. 2/3 ^SH [USER] Please don’t provide your details as we consider them to be personal information. Our Twitter page is public. 3/3 ^SH,"911955,911954,911952",Sat Oct 21 06:56:38 +0000 2017,delivery,1,Unresolved iPhone order after CEO mail,CB,human
2809446,1897532cf0175d3d3f5d57553fdb9d5124b3c09456c69cfd54b363d9a5a9e126,"[USER] 
Thanks a lot. [URL]",[USER] You are welcome. Happy reading :D ^AU,2809445,Wed Nov 22 05:11:01 +0000 2017,feedback,0,Routine thanks with a URL,CB,human
2416826,5a49cf144a916d97cc47bfa0829086939d8e4f2b33b0ea92865c160cbecdbf88,[USER] I’ve tried to cancel my prime trial but I’m told I’m not a member?,[USER] Hi Laura- Did you receive a confirmation email that you had signed up to a trial originally? ^NV,2416824,Sun Oct 29 09:24:39 +0000 2017,subscription,1,Cannot cancel Prime trial; membership state mismatch,CB,human
600284,e1327c2ce5a71f4d15b2f72f1e286d558a92c428f154a3b41e17fe50f00d08e8,Hi [USER] my tracking status says my parcel was delievered but it hasn’t arrived? Can you help please I can’t get through to your customer service line,[USER] Oh no! I'm sorry for the trouble with your delivery. Have you tried the tricks and tips listed here to look for your package: [URL] Let us know! We're here to help. ^TG,600282,Sun Dec 03 21:01:27 +0000 2017,delivery,1,Marked delivered but not received,CB,human
2976540,bdea09b4e049b87de7ac529672b9b30b5033d54c292f06839fb7b3ef23967873,[USER] customer service degrading my order in dispatched status from last 5 days which was returned. Reg mobile number [NUMBER],[USER] Please don’t provide your order details as we consider them to be personal information. Our page is visible to the public. 2/2^SC [USER] Sorry about the trouble with the product and the experience you had with our support team. We would like to take a closer look into this. Please share your details here: - [URL] and we'll get in touch with you at the earliest. 1/2^SC,"2976541,2976539",Thu Nov 30 02:45:02 +0000 2017,refund_return,1,Return stuck in dispatched with poor support,CB,human
2280471,6fa1c44a35e85710ea72c01083baa93db510e56175ca7ced156b77ecaf0cd3bf,[USER] No it's not ok to deliver a gift card for a birthday that's today on another day that's not your birthday. I'm a prime customer too. #Amazoncustomerservice #badcustomerservice #prime,[USER] I'm sorry to hear this. Have you had a chance to report this directly to us for real-time assistance? You can do so here: [URL] ^GR,2280470,Sat Nov 11 20:18:40 +0000 2017,delivery,1,Birthday gift card arrived on the wrong day,CB,human
69971,9505a3a071f35b16b5c5ec0e1f8925be4d8b2aafd4c878e26f97982d2c33a716,[USER] [USER] delivered my prepaid order of Rs 2000 to a different address. That's not it delivered the wrong item too. Check DM.,[USER] We'd like to check this for you. Kindly share your details here: [URL] and I'll look into this. ^SG,69970,Wed Nov 29 14:19:48 +0000 2017,delivery,1,Wrong address and wrong item,CB,human
2456027,9505a3a071f35b16b5c5ec0e1f8925be4d8b2aafd4c878e26f97982d2c33a716,[USER] [USER] the new refund policy is horrible. 9 days and still no refund. Customer care says 2 more days each time we speak.,[USER] Sorry to hear that you have not received your refund. Please provide your details here: [URL] so we can take a closer look at this.^SF,2456026,Wed Nov 15 04:18:54 +0000 2017,refund_return,1,Refund delayed beyond stated timeline,CB,human
235106,6b7068762d23da4258c2d438b81c9511a6f9f2f13662de5e5b6ff9250467d995,What is going on with [USER] voice recognition? It's gotten 1 of the last 8 shopping list items right. One!,"[USER] Hey, Geoff, have you done voice training with Alexa? You can learn how here: [URL] Keep us posted! ^LB",235104,Thu Oct 05 13:36:27 +0000 2017,product,1,Alexa voice recognition failing on shopping list,CB,human
480495,6b7068762d23da4258c2d438b81c9511a6f9f2f13662de5e5b6ff9250467d995,[USER] where is the button to get back to the 'Home' screen on the [USER] app?,"[USER] Hi, are you able to see the ""Home"" button on the bottom of the screen? You can find more information about the Alexa App here: [URL] ^PJ",480494,Fri Dec 01 13:22:58 +0000 2017,product,1,How-to for Alexa app Home button,CB,human
1688630,6b7068762d23da4258c2d438b81c9511a6f9f2f13662de5e5b6ff9250467d995,"Glitches galore getting echo dot to connect to firestck. Or getting certain shows to play using voice remote 
[USER]",[USER] What's happening when connecting your devices? Is your voice remote unable to understand your request for these shows? ^RA,1688627,Mon Nov 06 19:59:29 +0000 2017,product,1,Echo Dot / Fire Stick connectivity glitches,CB,human
2220044,6b7068762d23da4258c2d438b81c9511a6f9f2f13662de5e5b6ff9250467d995,"After 2 years, [USER] suddenly can't understand 'GPB Atlanta'. When asked, now she can't find station 'GPB Lanta', or wants to add some gobbledygook Pandora station. Voice recognition deteriorating.","[USER] Sorry to hear this. Have you tried rebooting the device? If not, please plug it out for 60 seconds, restart it and try again. We'd like to help, so keep us posted. ^PK",2220043,Fri Nov 10 12:58:12 +0000 2017,product,1,Alexa no longer recognizes a radio station,CB,human
2473469,6b7068762d23da4258c2d438b81c9511a6f9f2f13662de5e5b6ff9250467d995,"My [USER] #Alexa's voice changed mid sentence. The speaker has gotten very tinny/trebley. Even playing Pandora, etc. This along with vox recognition glitches is s  bad turn of events right before the holiday giving season.","[USER] Hi- sorry to hear that. Did you try restarting it already? To restart, unplug the power adapter from the wall outlet and plug back in. You won't lose your registration information or device settings. ^MA",2473468,Wed Nov 15 12:40:03 +0000 2017,product,1,Alexa voice and speaker quality changed,CB,human
2730270,6b7068762d23da4258c2d438b81c9511a6f9f2f13662de5e5b6ff9250467d995,[USER] where do I go in the app to replay interactions with Alexa?,"[USER] You can view, edit, and delete your Alexa interactions by following these steps: [URL] I hope this helps! ^ZW",2730269,Mon Nov 20 15:12:16 +0000 2017,product,1,Where to replay Alexa interactions in the app,CB,human
2783176,6b7068762d23da4258c2d438b81c9511a6f9f2f13662de5e5b6ff9250467d995,I told [USER] to add 'pecans' to the shopping list. She added 'book a nice'. Wtf. Recording is clear i said PECANS.,[USER] I'm sorry Alexa didn't hear you correctly. Please send this feedback to our Developers via the Alexa app by following these steps: [URL] ^RA,2783175,Tue Nov 21 17:43:48 +0000 2017,product,1,Alexa misheard a shopping-list item,CB,human
1727736,ab6fe556f40f23f1fe516676ed8ba5e487415522bb1779865a14eb58a755dea1,[USER] very bad service my order did not receive me,[USER] Certainly not the kind of words we'd like to hear. Did we happen to miss the estimated delivery date provided for your order? ^AR,1727735,Tue Nov 07 06:10:21 +0000 2017,delivery,1,Order not received,CB,human
1334317,7d65f4c928cca10f281490c9c8772d7fa8bccae2fa14529995a9302d0602e3da,"[USER] trying to arrange return. Printed label, but cannot find way to arrange collection. Quick reply req as need to return by 03/11",[USER] Check out this page for information on arranging a collection of your item: [URL] ^MW,1334315,Fri Oct 27 13:48:21 +0000 2017,refund_return,1,Needs help arranging return collection,CB,human
1335150,7d65f4c928cca10f281490c9c8772d7fa8bccae2fa14529995a9302d0602e3da,[USER] trying to arrange return.Printed the label but how do I arrange collection? I only have until 03/11 so quick reply appreciated,[USER] I'm sorry for the trouble with your return. If you could please contact us at [URL] we can help! ^TL,1335146,Fri Oct 27 13:39:59 +0000 2017,refund_return,1,Needs help arranging return collection,CB,human
2318846,f397dd656a2e58b5d690ad4ae93a8accaa5dee49452521d40af4d280119b1fb6,[USER] my parcel thrown over the fence AGAIN luckily I found it albeit a day later #delivery #notacceptable #poorservice #nothappy #customer why do I pay my #prime #membership,"[USER] Hi Angie, I'm sorry to hear about this. Was your item damaged at all? ^PJ",2318845,Mon Nov 13 11:16:37 +0000 2017,delivery,1,Parcel thrown over fence,CB,human
2931954,fbf2e40d3373927a7cdc8c55662e4b9c2883b209c27501929ab24b578868181e,[USER] quite possibly the WORST customer service on your web chat 😪😪😪,[USER] I'm sorry to hear about the poor experience. Without giving out account / personal info can you tell s more about the issue? ^MI,2931952,Wed Nov 29 08:08:36 +0000 2017,feedback,1,Web-chat service complaint with no stated order action,CB,human
350770,09451a70c1e0394accfcb36fa8bba8c330be33aa5de1cd0d841c2b359ff783d0,"[USER] Nobody came to deliver the package. Here is wat the status say.
Wat action is required from our end? [URL]","[USER] it to be personal information. Our Twitter page is visible to the public. (3/3)^AP [USER] here: [URL] we'll get back to you soon. Please don't provide your order details, as we consider (2/3)^AP [USER] I'm sorry you've not received the order. We'd like to look into it. Kindly report this to our support team (1/3)^AP","350769,350771,350772",Sun Oct 08 08:52:54 +0000 2017,delivery,1,Failed delivery; asks what action is required,CB,human
961635,83bebd8dad01efbde4c34f0063d608623b0d4c58e8200bf9db6b825297864336,"[USER]  m sending back u my 
Order  4__credit_card__: plz tell me  shipping. Cost will you reverse me in refund amt  or not ?","[USER] Kindly refer here: [URL] for the information on refund of return shipping charges. 1/2 ^AP [USER] Please don't provide your order details, as we consider it to be personal information. 2/2^AP","961634,961636",Tue Oct 17 08:40:06 +0000 2017,refund_return,1,Asks whether return shipping is refunded,CB,human
2398268,e35b2256d02f457a41cb75e1ac519cf8e00aa71c1b582b040d24195fb15538c7,[USER] how can I see when my prime account is due for renewal?,[USER] Great question! You can look into your Prime account details here: [URL] Let us know if you have any questions! All of your information will be displayed on the left side of the screen. ^KJ,2398266,Tue Nov 14 13:18:04 +0000 2017,subscription,1,Needs Prime renewal date; account lookup,CB,human
1305576,3618bf6fcaf9989e5837954a08436977ee82f735036332ca855f100e6e721e88,"[USER], I ordered a package that was supposed to be delivered today, but wasn’t. Can you help me out?",[USER] I'm sorry it wasn't delivered on time! Who was the carrier of the package? You can find out here: [URL] ^RM,1305575,Fri Oct 27 02:18:30 +0000 2017,delivery,1,"Expected today, not delivered",CB,human
1732635,d752ce71cd3578da0da78e73202b87bec51b52ebfe56b227b9eb0cdb4b31947e,"[USER] #AmazonIn [USER] It is so harassing to buy an expensive product from Amazon. Struggling hard to return/replace a defective and seal tampered CellPhone. Already raised the issue, filed a return request but it appears no process has been initiated. #[ORDER_ID]","[USER] I'm sorry that you received a faulty item. Please fill out this form: [URL] and we'll look into this. ^AM [USER] Please don't provide your details, as we consider it to be personal information. Our Twitter page is visible to the public. ^AM","1732634,1732636",Tue Nov 07 09:27:08 +0000 2017,refund_return,1,Return/replace defective sealed phone,CB,human
2969503,ff4e06d08b62b597c770747dce22dee1152bc60ff08634687a362b99d6bb9870,Just opened my package... this is how my Christmas lights came to me... do better [USER] #theybetterwork [URL],[USER] So sorry to see this! Not what we intend at all. Was the shipping box damaged at all? ^BL,2969502,Thu Nov 30 00:07:17 +0000 2017,product,1,Damaged Christmas lights in package,CB,human
1275928,8f77a976ad252fa6b98bc3f172fdc9b6540037826a4585eb90b3c0c9896e859f,[USER] tem como entrarem em contato cpm vcs? Preciso de informações sobre um pedido.,"[USER] Olá Amanda, como podemos te ajudar? ^MB",1275927,Thu Oct 26 19:04:38 +0000 2017,other,1,Portuguese request to contact about an order,CB,human
1286679,8f77a976ad252fa6b98bc3f172fdc9b6540037826a4585eb90b3c0c9896e859f,[USER] preciso entrar em contato com vocês,"[USER] Olá Amanda, poderia nos explicar com mais detalhes o que aconteceu sem publicar detalhes da sua conta? ^DA",1286678,Thu Oct 26 19:06:28 +0000 2017,other,1,Portuguese request to contact support,CB,human
2296514,eb55c20458347f473990dce5a07b3a99d6036200fd0fda66d21d860923d2366a,Wow. Burned twice in one week by [USER] one-day shipping. This time by a amzn carrier that didn’t even try to deliver.,"[USER] This isn't what we like to see! I'm sorry for the frustrating experience, what's the most up to date tracking and carrier show here: [URL] ^DW",2296512,Sun Nov 12 21:18:54 +0000 2017,delivery,1,One-day shipping failed; carrier did not attempt,CB,human
2800412,eb55c20458347f473990dce5a07b3a99d6036200fd0fda66d21d860923d2366a,[USER] missed targeted delivery date again. This is getting ridiculous. Don’t guarantee if you can’t make date windows!,[USER] I'm very sorry for the delay. Has the tracking updated with a new expected delivery date: [URL] Was this shipped by Amazon or a third-party seller? ^CL,2800410,Wed Nov 22 00:15:27 +0000 2017,delivery,1,Missed guaranteed delivery window,CB,human
2192548,1b9e1be65f533b1db5c79a58a2e4768cc70edc7d9cba8056e125e9f8c0805da0,[USER] I have been trying for over an hour to get the location on the [URL] website changed to my new location for Amazon Pickup in chat with no help.  Not a good way to be.,[USER] I'm sorry for the trouble! What options has our support team already explored with you? ^WM,2192547,Thu Nov 09 20:13:12 +0000 2017,account,1,Cannot change pickup location on the site,CB,human
2226434,47544fc79eb8db395ebef95fafe25b86bc83e60e6a221617461a18def4197347,[USER] my account is saying it has locked me out and to check my emails on how to get back in- I have no emails and I’m still waiting on a delivery that hasn’t even been dispatched. Can someone DM me to sort this please,"[USER] Hi Rosie, can you check your spam or junk folder? The emails can sometimes be routed there. ^PJ",2226433,Fri Nov 10 10:01:25 +0000 2017,account,1,"Locked out with no recovery email, plus undispatched order",CB,human
2116154,87d2a56bbf19babcbde8780cf9a1bf99e5225310eaa23b14f448cb5fbc04f6e9,Very disappointed with [USER] and #deepoceanstoreuk for losing my purchase of Playback by [USER] Really gutted.,[USER] Sorry to hear this! Have you had the chance to contact us so we can look into available options? [URL] ^TH,2116153,Wed Nov 08 13:30:04 +0000 2017,delivery,1,Purchase lost by seller,CB,human
2465354,44154c171a30fc2f41947c6f1385d9630543fbc336f07ade431ac6a00fe38f16,"[USER] need to register a Amazon Javline drop box to my account but can’t, how do I? Thanks",[USER] We're not sure exactly what you mean. Would you mind providing more details or a link so we can assist further? ^CN,2465353,Sun Oct 29 19:27:33 +0000 2017,account,1,Cannot register a drop box to the account,CB,human
357375,9de677e32b560d38b4eee286176874cc3aad7c56e664d9b643d5aed219a9d5f8,"What a joke service from [USER] Order next day delievery, says item has been delievered when clearly hasnt 😠",[USER] I'm sorry you haven't received your order! Have you reported this to our Customer Support team: [URL] ^ME,357373,Sun Oct 08 15:24:48 +0000 2017,delivery,1,"Tracking says delivered, customer does not have it",CB,human
1616069,5bf72f75970da5c39b9e235f5af73e674cc0f478dceebcda4b8a8edb7f4f7b08,[USER] why don't your couriers deliver parcels properly?,[USER] So sorry for the poor delivery experience! Please contact us here: [URL] so we can look into this! ^AD,1616068,Sun Nov 05 13:26:41 +0000 2017,delivery,1,Courier delivery-quality complaint,CB,human
298999,7f2c4347c10205e3d7682b39dc85e2b7430a81760e34a828903968c3d0acdef6,[USER]  #please_help_me [URL],"[USER] I'm sorry about the trouble with your order. We'd like to help, please share your details here: [URL] ^MA",298998,Fri Oct 06 19:28:53 +0000 2017,other,1,Help request is only a URL; missing image context,CB,human
287989,083cae91a3d1f9bf44aa529900d8b640c5a316bc8530c1cef6f4f28246e161dd,"Is Amazon afraid to share contact details of Amazon Transportation Services? I've called thrice from today morning and the agent says they can share other courier services contact details but not of Amazon Transportation Services. What a joke!!

[USER] [USER] [USER]",[USER] I understand your concern. We deliver orders on or before 8 PM on the Estimated Delivery Date. I request you to wait. ^AG,287987,Wed Oct 11 09:53:04 +0000 2017,delivery,1,Wants Amazon Transportation contact details,CB,human
2900939,8bf587756a67892d0422c30df288a3e9489c731e54a92ded95db3d933fb31e70,[USER] #Amazonlogistics proving to be a nightmare! Day 1. driver too lazy to dial gate code 2x & no call. Day 2. No show! Day 3. Waiting 😡,"[USER] We'd like to take a look into this with you! When you have time, please provide us with some more details here: [URL] and a member of our team can help. ^TK",2900938,Tue Nov 28 18:22:26 +0000 2017,delivery,1,Repeated Amazon Logistics no-shows,CB,human
135042,d16fed7ee9862a07cc9f0c69076420ab2dad40e40db4f4ae51d589b5be03e492,"Wie lange dauert es denn, bis ein neuer [USER]-Locker online zu sehen ist?","[USER] Sollte eigentlich ziemlich schnell gehen, fehlt noch einer? Gruß ^TA",135040,Fri Nov 24 08:52:56 +0000 2017,delivery,1,German question about locker going online,CB,human
2414498,d16fed7ee9862a07cc9f0c69076420ab2dad40e40db4f4ae51d589b5be03e492,"[USER] Was ist das eigentlich neuerdings? Same-Day braucht per ""Amazon Logistics"" 2-3 Tage.",[USER] Nach 2-3 Tages ist das aber nicht mehr der selbe Tag :( Hast du das schon im Kundenservice reklamiert? ^AN,2414497,Tue Nov 14 17:00:59 +0000 2017,delivery,1,German complaint that same-day took days,CB,human
2551065,d16fed7ee9862a07cc9f0c69076420ab2dad40e40db4f4ae51d589b5be03e492,"Hey [USER], in der Fire-TV-Stick-Bildschirmschoner-Diashow gibt es ein Bild mit dem Titel ""Elbe nähe der Region Böhmen, Schweiz""

Da ist irgendwas falsch. Entweder es ist nicht die Elbe, oder ihr meint die sächsische Schweiz.",[USER] Wärst du stattdessen auch mit der Böhmischen Schweiz zufrieden? ;-) Diese sollte auf der tschechischen Seite liegen. :-) Gruß ^MH,2551063,Sat Nov 25 23:00:13 +0000 2017,product,1,German Fire TV screensaver caption error,CB,human
134852,88df15cb307d637eb34718af24a7fdf9cdff28cbfd7f64682d270abff028fb20,#UX design selon [USER] : dois-je prendre en compte le message de validation ou le message d'erreur ? Je suis confus [USER] 🤔 [URL],"[USER] Bonjour, avez-vous reçu un email suite à cela ? ^SM",134851,Fri Nov 24 08:52:30 +0000 2017,other,1,French UX screenshot; missing image,CB,human
268696,859398bbdfcbf8d1b202a323355e6e603d3425b4fa5c5a3ace09ff0dd11e0a15,"[USER] your TNF stream is crashing & claiming my Roku, which has streamed your videos fine for years, now has insufficient bandwidth.",[USER] I'm so sorry it isn't streaming! Please try these troubleshooting steps: [URL] and let us know how it goes. ^JN,268695,Fri Oct 06 00:33:03 +0000 2017,product,1,Video stream crashing a Roku,CB,human
2894550,01c1f6c1ba4e540c1c52b873dec9d8a58616ba382703c7946bb3cf1a52741eab,We need more companies like [USER] I love you!❤️ [URL],"[USER] Hey Alec, we love you too! 💁 Glad you like our lil dog picture! How cute huh?! ^JC.",2894549,Tue Nov 28 15:59:18 +0000 2017,feedback,0,Pure praise,CB,human
1734563,49100f73b8d7b310fbf20eaaa29cf77857f9ff4ee4cae90cc7526c05e1d452d1,[USER] Is there a way to put a custom delivery instructions? there isn't a suitable instruction for my location . thanks!,[USER] Hi George! You can contact the courier directly to leave instructions: [URL] ^AB,1734561,Tue Nov 07 13:20:03 +0000 2017,delivery,1,Wants custom delivery instructions,CB,human
240402,ed53e6732d01020e2c03337ee0c19b711ee1d0680a797b1c79983ec576ab0033,[USER] has it's own delivery service! And it is amazing! UPS and FED EX need to take notes from them. Amazon is taking over the world! Lol,"[USER] Thanks for the kind words, Letecia! We love hearing this from our customers! Have a great day! ^FR",240400,Wed Oct 04 16:19:17 +0000 2017,feedback,0,Praise for Amazon delivery vs UPS/FedEx,CB,human
1338506,456d9bf53df72279f066753d87ace424a930124da1540df51f73927687ee875b,[USER] promised 1 day prime delivery but finally delivered in 4 days! Itz amusing tht they always hv problems with every delivery of mine,[USER] Apologies for the delay. Kindly share your details here : [URL] and I'll look into this. ^SG,1338504,Mon Oct 16 13:04:03 +0000 2017,delivery,1,Prime one-day took four days,CB,human
1540476,456d9bf53df72279f066753d87ace424a930124da1540df51f73927687ee875b,[USER] You guys are a piece of shit. Shame on you guys.,"[USER] That's quite a remark, Krishna. Please elaborate your concern for us to assist you better. ^SV",1540474,Sat Nov 04 02:12:29 +0000 2017,feedback,1,Abuse with no specified issue,CB,human
1704748,33661e611ae29e58b408b9908c484b07208df903483c6afa751d6b12fc6d362b,[USER] [USER] tired amazon pantry and this is how my items ended up. They were spilled everywhere too. [URL],[USER] Oh no! Have you reached us to report this and to explore all of your available options: [URL] ^DW,1704747,Mon Nov 06 22:16:45 +0000 2017,product,1,Pantry items spilled; missing image,CB,human
399895,304a5ef0b4e05b58caf6b02cf06fbbc290849a485c15ee6693f0d259a53c30ab,Oh I love how Amazon decided to finally charge me for the thing they hadn't shipped for a week the DAY I DECIDED TO CANCEL. :////,"[USER] I'm sorry for any inconvenience this causes! If the item was cancelled, you'll receive a refund within 3-5 days. ^WT",399894,Mon Oct 09 18:44:28 +0000 2017,refund_return,1,Charged on the day of cancellation,CB,human
1276119,62daea79b44ef918306e7353e8d345d1ba4c84e2cdabd9e0ad918b0423c9afec,"[USER] All, be aware of recent Amazon prime membership charges directly applied by Amazon on your registered account with them.","[USER] Hello Rahul, could you please let me know if you have any queries regarding your prime membership? ^GU",1276117,Mon Oct 16 07:50:37 +0000 2017,subscription,1,Warning about Prime membership charges,CB,human
2098701,23cf8dab710a1e5725132c431298af11884d6ae16841ff15e7c7f9983c17b2e2,[USER] When will be the amazon black Friday sale in india??Any updates...,"[USER] We haven't announced any dates as of now, kindly stay tuned to our website for updates. ^RD",2098699,Thu Oct 19 03:43:33 +0000 2017,other,1,India Black Friday date is current-policy information,CB,human
2061350,72a976b361cd9d916b329bfbfdedc264100e6ebeeaccfd3a51b5d10818588b4b,"Olha só o que acabou de chegar da dona [USER], bons tempos da DC quando ela tinha uma pegada mais divertida. [URL]","[USER] Olá! Que livro legal, Alessandro! *-* Você já começou a ler ele? ^CR",2061349,Thu Oct 19 00:42:45 +0000 2017,feedback,0,Portuguese social share of a received book,CB,human
22483,e2c1fa8557302e50b9913e71bcdc926e2a7b4bbe090da7f9c47bdbaa33184718,"[USER] I had ordered a RedMi 4,  4GB, 64Gb. delivered faulty piece, want re-order the product [USER] price. was going out nxt day.",[USER] Apologies on receiving a faulty product. You may visit the website and place an order 1/2 ^SB [USER] for the phone which you are looking for. 2/2 ^SB,"22484,22482",Wed Nov 01 08:33:55 +0000 2017,product,1,Faulty phone delivered; wants replacement,CB,human
331323,cb8e188ab94a8e16283c5e625aea1d8d00914864d69803f0b14ea3c972684c70,[USER] Your delivery guy left my package at another house (delivery pic proves it!) and the agent said I have to wait mon at 5 to deal. Bs!,"[USER] We're sorry for the trouble this has caused! Just to confirm, who is the listed carrier: [URL] ^WM",331321,Sat Oct 07 18:21:47 +0000 2017,delivery,1,Left at another house; support delay,CB,human
389911,c96d29d350007be340c08d02fe915fdc763932ef8ec3f19b36f910df0d707703,"[USER] Hello, Amazon. I received a delivery attempted notice that I don't think is legitimate. Can you look into this? [URL]",[USER] We don't have access to your account via Twitter but we'd still like to help! Pls give us a call: [URL] ^TG,389910,Mon Oct 09 15:13:52 +0000 2017,delivery,1,Suspicious delivery-attempt notice,CB,human
1423020,f9e0a1e134134c049b6718c689ceed8cff36f46d16303fe2d43bc6f503b01367,[USER] men’s grooming #harpic seriously [USER] [USER] [URL],[USER] Thanks for flagging this to us. I'll pass along your feedback to our team internally and get this reviewed. ^GK,1423018,Thu Nov 02 09:17:36 +0000 2017,product,1,Possible wrong listing; catalog review,CB,human
2580480,ee9dd93854f26c452937229b9f7ac21c37dcae047b8da87ed5fb9082c702538f,[USER] The Ultra Sun and Ultra Moon Steelbook Dual Pack I ordered from you all hasn't shipped yet. I want to keep trusting you but with the experiences I've had with pre-orders from you this year is a bit too much.,[USER] I'm sorry for this wait. Was Release-Date Delivery an option at checkout?  ^DO,2580479,Thu Nov 16 22:24:54 +0000 2017,delivery,1,Pre-order steelbook has not shipped,CB,human
145794,3495f86e73d8da5cb90e515fd02cdb46432abba4699780130e5a3f6c0cd0440a,"Dear [USER], your telephone customer service (Kaisy) cannot handle a simple call: Missing Gift Card Balance issues. “Did you try to buy something? What is the error message?” It’s a missing gift card, there is not error message. 20 minutes of re-explaining only to be transferred",[USER] Sorry for the back and forth John. Was the issue resolved after you were transferred? ^NV,145793,Fri Nov 24 14:00:32 +0000 2017,payment,1,Missing gift-card balance mishandled by phone support,CB,human
147277,3495f86e73d8da5cb90e515fd02cdb46432abba4699780130e5a3f6c0cd0440a,"Dear [USER], my saga continues. 50 minutes of explaining the same problem. Your supervisor (Vince)  need empowerment to discern and think. However, most of all, he need to stop interrupting and listen.","[USER] Hi John, really sorry to hear this. This is not we want our customers to experience! What were you advised when speaking with a supervisor? ^JC.",147275,Fri Nov 24 14:27:42 +0000 2017,feedback,1,Supervisor call-handling complaint,CB,human
2135636,ed7c32ddb40804ad9400f6f1f200050c6a47975c8262a5aed4c7a53e8a1e8965,Brilliant ad by [USER]  [URL],[USER] Thanks for the shout out. I'm glad you liked it. ^AU,2135635,Thu Oct 19 07:57:16 +0000 2017,feedback,0,Praise for an advertisement,CB,human
555301,9c8d531a462c83cdf93a41d72735e55f6e3c847ddb259c2eac549c92d5b45898,"[USER] Well the first photo is what I ordered and the second one is what my friend received 👀

On-top of that another parcel which was expected to arrive today is now expected to arrive between today and Wednesday. [URL]","[USER] Oh no! I'm so sorry about that! We are unable to view order details via Twitter, but we'd like to help! When you get a moment, please reach out to us via phone or chat: [URL] Thanks! ^SW",555300,Sat Dec 02 20:47:28 +0000 2017,product,1,Friend received a different item than ordered,CB,human
888325,845d9469c60671fc2b42d0b572ce0cea948b24fa7ab567cfe7e69a4afbb11ea8,"[USER] [USER] ..i ordered books from amazonindia on 23rd Nov. As a prime customer ,was promised to delivered on 24th nov but not delivered. Escalated the issue and again promised to delivered at 25th nov but yet i havent received the order...",[USER] I'm sorry about the delay in delivering your order. Kindly share your details here: [URL] and we'll assist you accordingly. ^GD,888323,Sat Nov 25 14:57:57 +0000 2017,delivery,1,Prime delivery repeatedly missed,CB,human
481490,20aff707fe96006d5ee8b5fc49d9c1ab3a5ede62a3fcd0884bf5011daa79113b,"[USER] my urgent parcel which I paid £14 extra for delivery by 1oclock was not delivered, parents have been waiting in - please help [USER] uncontactable and clearly unreliable!","[USER] I am sorry to hear this, Anni. What is the current status on your tracking?^SM",481489,Fri Dec 01 14:01:18 +0000 2017,delivery,1,Paid extra for timed delivery that failed,CB,human
2909195,aa27b3b844fde14818284b9948abdb5056150ae7dfab35e85ce8c9c809a4b063,"[USER] Hello, I can't login into my Amazon account, I have tried to change password many times telling me its wrong. Cleared cache/cookies. Can't click on any help links because it needs to login. Need help urgently. I have my order number.","[USER] I'm sorry for the trouble you're having with your account. Which marketplace do you use: .com, .co.uk, .ca, etc.? ^AN",2909193,Tue Nov 28 20:53:38 +0000 2017,account,1,Cannot log in or reset password,CB,human
1429475,c60962b2e64438b178645c776eed46c949f1e10b4f50a9330ac9b13d2bf4f97c,Qué bien pagar [USER] prime con envío en 24h para que [USER] no te traiga el paquete que necesitas,"[USER] Hola Miren, lamentamos lo sucedido. ¿Has intentado contactar al transportista para verificar el estatus de tu pedido? ^HC",1429473,Mon Oct 16 18:18:56 +0000 2017,delivery,1,Spanish Prime 24h delivery miss,CB,human
1270971,b2f92ad2df7d1ad74b3e79970c012b755c978109991ec5f216ce1315a56de288,[USER] [USER]  Warum wird meine Vorbestellung #MarioOdyssey als Großbrief versendet ... Ich hoffe es kommt morgen pünktlich an!,"[USER] Da sind wir guter Dinge :) Sollte es widererwartend zu Problemen kommen, dann melde dich bitte nochmal bei uns. ^MS",1270968,Thu Oct 26 14:32:43 +0000 2017,delivery,1,German pre-order shipped as a letter,CB,human
2835669,d4b29f5f1e7d8e226d1bf71c268f170cb11e63f4800d50045255939ba5a87f0d,"Well [USER] Flex missed another delivery schedule. That's 5 delayed or lost pkgs out of 14. While USPS & UPS are 0 loss/delayed out of nearly 100 pkgs delivered. Postman even found 1 pkg in bushes that Flex ""delivered"". 
Seems Flex QoS varys radically. Bad sig-to-noise ratio. [URL]",[USER] So sorry to hear this! I'd like a member of my team to take a closer look so please fill out the information requested here: [URL] as soon as you can. ^BG,2835667,Mon Nov 27 14:52:00 +0000 2017,delivery,1,Repeated Flex missed or lost packages,CB,human
2859960,569358fd0c389ad6a9258fcf35562d6d2b5eb993e606ea42236dff3ad8d5574a,Les bonnes pratiques de [USER] pendant le #BlackFriday (va expliquer ça a ton gosse le soir de Noël) [URL],"[USER] Bonsoir, je suis sincèrement désolée pour cela, avez-vous effectué cette commande, soit depuis un nouvel ordinateur ou avec des coordonnées différentes que d'habitude je vous prie ?
^KE",2859958,Mon Nov 27 22:09:40 +0000 2017,feedback,1,French Black Friday complaint; missing image,CB,human
1302310,544dec2da2f189bf9d012d6a12f39ce5250c8e0ebfad49d65d5fb442b9c7549b,PSA: ONE OF THE PENS HAS DRIED UP. [USER] MY DAY JUST WENT FROM BEST TO WORST EVER. [URL],[USER] I'm sorry one of your pens was dried up. We'd like to help if we can! Did your graduate school order these pens? ^AJ,1302308,Fri Oct 27 00:10:47 +0000 2017,product,1,Pen arrived dried up,CB,human
1586235,37488c5797c9723fde2b6c4bb2505a6be35cbb1905f2170d5c3a361573907d4f,"Coucou [USER], un espoir pour des places Disney pour le Black Friday comme l'année dernière ? Bon Week-end !",[USER] Très bon week-end🤞😀^FT,1586232,Sat Nov 04 17:35:43 +0000 2017,other,1,French promotional question about Disney tickets,CB,human
609478,5ce455c1c858a43ed28231aa5a56892096d2c81440f60aed0f20aeea846543cb,[USER] I used amazon pay to place an order for the first time but I didn't get 15% cashback. Please solve my problem,[USER] I understand your concern regarding Amazon pay balance cashback. We'd like to help. Kindly report it to our support team here: [URL] and we'll check with it. ^KH,609477,Wed Nov 22 12:28:11 +0000 2017,payment,1,Amazon Pay cashback not applied,CB,human
1760407,3c39d28eab118b02773ddb95bedf34224b0391221f7fff0e6e7a2965d44122c9,/. Hey [USER]! I need help and it is very urgent.,[USER] We'd be happy to help! Without disclosing your personal information. Will you tell us more about what's going on? ^SK,1760406,Tue Nov 07 23:07:13 +0000 2017,other,1,Urgent help with no stated issue,CB,human
2338635,7e9afa7cc1ce565d9de2ff032e35956d61e14d1996245d8072306530ccd12404,[USER] thank you for the next day delivery [URL],[USER] Glad to know you've received your package as promised. Happy reading! :) ^SA,2338634,Fri Oct 20 06:33:05 +0000 2017,feedback,0,Thanks for next-day delivery,CB,human
1850687,600d49c47a6ac69709ec17b94a96e08bc45d1bd7ba8241acac87a80ff8d221ea,Contd... [USER] [USER] contacted cc and they asked for photos. Sent. Same thing happened next dy. [URL],"[USER] I’m sorry about the hassle with your order,Anish. Please drop in your details here: [URL] We will sort this.^SF",1850686,Wed Oct 18 07:10:12 +0000 2017,other,1,Follow-up fragment without full context,CB,human
1856366,600d49c47a6ac69709ec17b94a96e08bc45d1bd7ba8241acac87a80ff8d221ea,[USER] [USER] ordered an adata 2TB external hard drive on 7 Oct. Received on 8th. Opened the pack and voila. Wrong product.... (cont'd.),"[USER] I'm sorry about the order delivered, could you confirm sharing your details in the secured link shared above? ^MJ",1856364,Wed Oct 18 07:04:29 +0000 2017,product,1,Wrong product delivered,CB,human
1341589,d9d3a80495e97a1f1ee00496eaba8aa8038c830ddcac83056a6ea84b7763167a,[USER] completely screwed my #superMarioOdyssey pre-order. I am beyond pissed and they dont have any support agents fluent in english.,"[USER] We'd be happy to help. Without posting personal or account sensitive information, can you tell us more about what's going on?  ^AF",1341587,Fri Oct 27 15:21:19 +0000 2017,delivery,1,Pre-order mishandled; language-support complaint,CB,human
2877804,166fe20a07810415eb0adb6cb73fde09961d32c7ada9b7dcd29bb247af80f185,[USER] - I just got screwed over 3 orders (4 unique items) and customer service has been less than helpful in mitigating my issues.,"[USER] Hello, Yogesh. I'm sorry you're having issues with some of your recent orders. Without providing any personal details, can you give us a bit more info?  ^FJ",2877802,Tue Nov 28 07:00:26 +0000 2017,other,1,Multiple unspecified order failures,CB,human
2888138,a9df7b87e23d0867f74dd44a672d42d75f3566172a695e68dacf0bf3dddc01ec,I never cease to be amazed at how imbecilic [USER] can be. Parcel left with neighbours in spite of having an agreed safe delivery option !,[USER] I'm sorry your delivery preferences weren't followed. We'd like to collect more information about your delivery to notify our Transportation team. Please contact us here: [URL] ^RA,2888137,Tue Nov 28 13:34:09 +0000 2017,delivery,1,Left with neighbours despite safe-place option,CB,human
1270177,a496e8410713bb9ea4de0922874a521c2122f9b4167767a31519c7df467fa8dc,"[USER] cuando es el lanzamiento del Xbox One X? En la pagina dice que el 30, pero Xbox México dice que el 7.","[USER] (2/2) Cualquier cambio será notificado directamente en la página de detalles del producto que buscas. ¡Saludos! ^LG [USER] Hola Pablo, de acuerdo a la información de nuestra página web, el lanzamiento es el día 30 de noviembre de 2017 (1/2).","1270178,1270176",Thu Oct 26 14:22:19 +0000 2017,other,1,Spanish Xbox One X launch-date question,CB,human
2126688,a496e8410713bb9ea4de0922874a521c2122f9b4167767a31519c7df467fa8dc,"[USER] Por favor, cambien de servicio de entregas. Estafeta es lo peor. Tienen el paquete en la oficina local, pero no me lo pueden entregar, ni en el mostrador, por una ""auditoria local"". Con DHL no tengo esas broncas.","[USER] Hola Pablo, sentimos lo ocurrido. ¿Has podido entrar en contacto con el transportista para verificar la información? ^DA",2126687,Wed Nov 08 18:43:58 +0000 2017,delivery,1,Spanish carrier/office-hold problem,CB,human
685737,66affbff650e6f9e72b0f563a7f7b1d9ff681537f68ea033e883c3b3f5db79a4,2nd day in a row now that my parcels have been delivered to a neighbor even though I’ve been in. Your delivery guys need to give people more than 5 seconds to answer the door before walking off. Sort it out [USER] !,"[USER] Hi Emily, were both orders delivered by the same carrier? You can check here: [URL] ^MA [USER] I am sorry to hear this, Emily. Have you previously contacted us about this? If so what were you advised?^SM","685738,685736",Thu Nov 23 12:56:21 +0000 2017,delivery,1,Repeated neighbour dumps; short door wait,CB,human
699990,81d443d30927ddb2c16c78f8fe6a2105e0cb4ed41c1dfd006cffb548cea32e3a,[USER] entrega muito muito rápida. Nunca vi algo chegar tão rápido vindo de SP pra PE. Parabéns [URL],"[USER] Ficamos muito felizes em saber que você já recebeu, Alice 💖 Está pronta para começar a leitura? ^LG",699989,Thu Nov 23 16:22:00 +0000 2017,feedback,0,Portuguese praise for fast delivery,CB,human
2922647,cfbe96bfa889918cb345e3f2a1a9e0214f70c3d8291dfd6288410eceefec6eb3,"I already pay a premium for [USER] that is supposed to include music and video, so why do I now have to pay more for the music?",[USER] The Prime membership includes Prime Music. We also have a separate service called Amazon Music Unlimited. Current Prime members may purchase this at a discount. There is more information here: [URL] ^SJ,2922646,Wed Nov 29 01:28:35 +0000 2017,subscription,1,Why extra charge for music on Prime,CB,human
723944,826bd7b4e891356dc069c733267dde2f96b3b2dad0447544cac45795ccfb9883,[USER] no speed change for video player? any plans to bring the feature in?,[USER] We don't have the requested information. Kindly stay tuned for updates. ^AK,723943,Wed Oct 11 03:05:30 +0000 2017,product,1,Video-player speed-control feature request,CB,human
2457822,826bd7b4e891356dc069c733267dde2f96b3b2dad0447544cac45795ccfb9883,[USER] no option to cancel 'yet to dispatch' order? need to place call/write email for that?,[USER] Sorry for the trouble. You may reach out to our support team using the link provided here: [URL] for any assistance. ^AR,2457821,Wed Nov 15 05:08:15 +0000 2017,refund_return,1,Cannot cancel an undispatched order in self-serve,CB,human
1297440,cfb766cb1dad2f888d25089c73b02fd48a69e2508f24bf33cd4a9023a97a9b71,.[USER] [USER] why the hell does this crap keep taking over my safari browser uninvited,[USER] I'm sorry! Can you tell us more about the issue you're experiencing? ^WT,1297437,Thu Oct 26 22:25:55 +0000 2017,product,1,Unwanted browser takeover,CB,human
2903520,049eb278c1407cd392dd10b5a3ce1db6d839a9712ff512ec28e3a0b1378122ec,[USER] C'est quoi cette histoire de demande de fax ???,"[USER] Bonsoir, rencontrez-vous un souci avec votre compte Amazon ? ^ME",2903518,Tue Nov 28 18:38:17 +0000 2017,account,1,French question about a fax request,CB,human
1627288,1520a952e9e8d2bb9f5214bcf12f731ec28020a7f13f4ecc247b2c490044b78b,"[USER] 

[URL]

Detergent bars in place of a Phone. Duped by Amazon India.",[USER] That's unusual. Please report this to our support team here: [URL] so that we can do the needful. ^RI,1627287,Sun Nov 05 14:40:22 +0000 2017,product,1,Detergent delivered instead of a phone,CB,human
1765373,028bab4a949331d42d06c9b76fb3d8de1b17b62178aa96ecd3357b246ecc613c,Pathetic delivery experience by [USER]. Confirmed delivery without the delivery. Thanks for brilliant work. #thankyou,[USER] I'm sorry about that. It must be a wrong scan code. You can find your order from here: [URL] ^GD,1765372,Fri Oct 27 16:19:26 +0000 2017,delivery,1,Marked delivered without delivery,CB,human
1476423,d08820815109f4ee4eac314b2b3b4f0db257b27f6a30edaac85b9c7f444e6933,[USER] Hi guys still no response after the live chat communication broke down regarding a prime payment from u guys when I don't hav it,"[USER] Sorry about that, Laura! Have you been able to give it another try since? Here's the link: [URL] ^BL",1476421,Thu Nov 02 22:34:14 +0000 2017,payment,1,Prime charge when customer says they do not have Prime,CB,human
2265510,5eb1fe0d3ea6bd736102cfb8681cc55054f4af417456b76d4244adceff2edd14,[USER] please come up with a policy for exchange of old kindle to a newer version in India region..am a prime member and really enjoying the shopping experience with #amazon,[USER] I'll be sure to pass on your feedback to our specialist team internally and work on it. Appreciate your interest. Happy Shopping :) ^AK,2265509,Sat Nov 11 05:00:19 +0000 2017,feedback,1,Kindle exchange-policy request for India,CB,human
1340728,1ecbc21367f09ff44739ada73d25ce2a6fc2a80462bf796708e2d713e0fb2c6c,[USER] - Can you tell me why a Prime order for a T-shirt is taking 1 week to get to me? When did 2 days become 8 days? Not happy.,[USER] Some items may need extra processing time before being shipped. Two-Day Shipping refers to the transit time once shipped ^VS,1340726,Fri Oct 27 15:22:52 +0000 2017,delivery,1,Prime two-day became a week,CB,human
245219,8e822cc9645fbf534f5af1ad46f88e46dec670afb77abb570288e586a0499538,[USER] How come the prce of Sandisk microsd crd wth adaptor priced in ur 'Lightning Deal' as 649 bcomes 739 at chkout wth normal delivery,[USER] That's strange. Please reach out to us at: [URL] we'll check it for you. ^AU,245217,Thu Oct 05 14:46:50 +0000 2017,payment,1,Lightning-deal price rose at checkout,CB,human
831809,2731308d75337b1f49978e69efa59b5ce0912a3060baa0c6e493d800ec13621f,[USER] I love my kindle fire but why does it literally take hours and hours for it to charge?? Is this normal? It's frustrating,"[USER] Are you using a PowerFast adapter to charge it? This will allow a full charge in less than 5 hours, depending on the model.  ^BH",831807,Fri Oct 13 04:52:15 +0000 2017,product,1,Kindle Fire charging extremely slowly,CB,human
2931295,5d848e6879ea4e96674096d510b74c4e71144cfed2931404b8c83a254771c59b,"[USER] Seller Celocity Mobile cancelled my order [ORDER_ID] on 24th Nov. Suddenly Om Enterprise tried to sell/deliver me the same item. Strange, isnt it? [USER] [USER] I rejected delivery from Mahesh Hadshi (+9191******7385) [URL]","[USER] That's strange! Has this been reported to our support team yet? You may connect with them from here [URL] they'd do the needful to help. Don't provide your order details, we consider it to be personal information. Our page is visible to public. ^KK",2931293,Wed Nov 29 07:48:39 +0000 2017,refund_return,1,Cancelled order then another seller tried to deliver,CB,human
2465331,0d8290c5c0d732d4b8ed1aca4113ec4c6f6d09e100cd1b88c77e1f38675bce65,"待ってました〜人生初amazon☺
YouTuberごっこしながら開封しました! [URL]",[USER] 初のご利用ありがとうございました！ヾ(=^▽^=)ノ またのご利用をお待ちしております～♪  (っ´∀｀)っ TN,2465330,Wed Nov 15 09:41:19 +0000 2017,feedback,0,Japanese first-order unboxing thanks,CB,human
508173,e7971d29b76e6c37aaf6e157c46455d84ed1f1e25123558cc09cadca94eff49e,Really [USER] ?!?! I’m so mad!!!! [URL],[USER] I'm so sorry you received your couch like this! Have you reached out to us via phone or chat for available options? You can do so here: [URL] ^JP,508171,Fri Dec 01 21:45:11 +0000 2017,other,1,"Anger plus URL; missing image, no stated action",CB,human
1454488,7882af125f616d6d91ba185752ca984bf854f25e564a7623299d1ad2a64ed44f,"[USER] Is there a way to get rid of this, or at least remove certain topics from Ads. This is the last thing I need to see... [URL]",[USER] Hello! Have you tried clearing your cache and cookies from your browser? ^JZ,1454486,Thu Nov 02 14:59:59 +0000 2017,product,1,Wants to remove lockscreen ads/topics,CB,human
2856664,8df1c118e878bd3e1bbb57d0dd26f314c85b4740ab0e783b6cac686a331b6aa5,"[USER] Realicé un pedido de varios productos, sin embargo no me ha llegado correo de confirmación de mi pedido.","[USER] Hola. Nos comentarías, ¿has recibido algún correo informando sobre algún inconveniente con tu pedido (por favor verifica la carpeta de spam)?  ^HC",2856663,Mon Nov 27 21:06:44 +0000 2017,account,1,Spanish missing order-confirmation email,CB,human
2891840,8df1c118e878bd3e1bbb57d0dd26f314c85b4740ab0e783b6cac686a331b6aa5,Me van a llegar los complementos pero no el cuerpo. Vamos [USER] no me falles y ayudame a ver que onda con mi pedido y revisión de documentos para que me cobren mi pedido completo.,"[USER] Hola JM. Espero que estés muy bien. 😀 ¿Tienes un problema de pago con tu pedido?, te sugiero mirar algunos motivos por los cuales puede haber un rechazo de pago: [URL]
^DB",2891838,Tue Nov 28 14:52:03 +0000 2017,payment,1,Spanish payment/document hold on an order,CB,human
2918754,8df1c118e878bd3e1bbb57d0dd26f314c85b4740ab0e783b6cac686a331b6aa5,"Han pasado casi 24 hrs desde que [USER] retuvo uno de mis pedidos, bloqueo mi cuenta y la suspendió para revisión de datos bancarios, entregué la documentación y expliqué el error, pero nada, ni un mensaje de ""Tenemos todo bajo control""",[USER] Hola JM Márquez x. Si ya enviaste las informaciones a nuestro Departamento de Cuentas por favor aguarda una respuesta. Agradecemos tu paciencia y cooperación. ^JJ,2918753,Wed Nov 29 00:21:55 +0000 2017,account,1,Spanish account locked for bank-data review,CB,human
865868,9d772beb5e73e5d724b4a905d9c211a1b8126a28945ae1f813bbd57c8d08e6e5,[USER] #once again my orders all screwed up#deliver date misleading and invalid#losing your touch #demanding credit on all items,[USER] I'm sorry to hear there are problems with your orders! Without providing account info can you tell us what is going on? ^JF,865865,Fri Oct 13 14:54:45 +0000 2017,delivery,1,Misleading dates and demand for credit,CB,human
2609363,bc2e510a7241d55f2fb691fad063b9ba3eb60f1f75b681929c48dcb59580eea9,"J'ai 27€ de ""Achat CB [URL] de débiter hier qui ne correspondent à rien. Je n'ai rien acheté, j'ai pas de compte  Premium. Oh la flemme des trucs comme ça. [USER]","[USER] Bonjour, j'en suis sincèrement désolé. N'ayant pas accès à votre compte, le mieux serait de contacter notre SAV afin de vérifier ce débit pour vous. ^ARC [USER] Bonjour, je vous invite à prendre contact auprès de notre service client: [URL] afin qu'il puisse effectuer les recherches nécessaires.^FT","2609364,2609362",Fri Nov 17 10:05:32 +0000 2017,payment,1,French unrecognized card charge,CB,human
2049068,64c09af34b8541a68e7ed8a0843df2cc0100256d6e2ff97d212b63252ac4b596,[USER] Hello ! I ordered a book on buddhism and you have sent me one on communalism and now your site is not accepting a return. Can you help ?,"[USER] Hey, sorry to hear. When did you purchase the book? Was the book purchased via a seller or from Amazon directly? ^TP",2049066,Wed Nov 08 08:43:12 +0000 2017,refund_return,1,Wrong book and return not accepted,CB,human
133785,099949eb2b03e9a2983c5aac259e25b00cb15f3b4a2a01151c288fa041d3716e,[USER] Il y a moyen vous echangez Watch Dogs 2 par BF1 sur le pack ps4 pro edition black friday ?,[USER] Il n'est pas possible. ^SM,133783,Fri Nov 24 08:19:31 +0000 2017,refund_return,1,French request to swap a game in a bundle,CB,human
155064,099949eb2b03e9a2983c5aac259e25b00cb15f3b4a2a01151c288fa041d3716e,[USER] Il y a moyen d'accelerer la reception d'un colis ?,"[USER] Bonjour,
En principe cela n'est pas possible. Avez-vous un souci avec la livraison de votre colis?
^MD",155063,Fri Nov 24 16:42:57 +0000 2017,delivery,1,French request to speed up a parcel,CB,human
2358825,099949eb2b03e9a2983c5aac259e25b00cb15f3b4a2a01151c288fa041d3716e,"[USER] Bonjour, est-ce que vous avez les prix de la PS4 pro pour le black Friday ? pour savoir le budget que je dois bloqué","[USER] Bonsoir,
Cela aurait été un plaisir de vous informer, mais pour le moment nous n'avons pas cette information.
^MD",2358824,Mon Nov 13 20:22:25 +0000 2017,other,1,French Black Friday PS4 price question,CB,human
782748,a640728491bacb329d97e141d520f90e2f6bc38b4ccacca268c5cda5ccfccee8,"[USER] My groceries were supposed to be delivered like an hour ago and i haven't heard a single thing, what should I do","[USER] I'm so sorry for the wait! We'd like to assist directly, please reach us via phone or chat: [URL] ^BE",782743,Mon Oct 30 01:38:00 +0000 2017,delivery,1,Grocery delivery overdue with no update,CB,human
1063050,4b7f411416baec9f00a17bed6eb185e814a4dc4b8bfd348ea5ecfafa8058f944,"My kindle is not charging and screen frozen, any ideas? [USER] #faultykindle #kindle","[USER] Hey. Check out here - [URL] for troubleshooting tips. Should this not fix the issue, please keep us psoted. ^TP",1063049,Mon Oct 23 13:41:27 +0000 2017,product,1,Kindle not charging and screen frozen,CB,human
2290080,8ce224785e651d52a889781001b6b7efc55430059e50f7c7ec9de5c24b75b550,"[USER] after 4 and a haf years of ""glitches"" on #AmazonIndia platform, I give up. No meaning to be a loyal customer when there is no assistance or problem solving their side #EpicFailIndia [USER] #India [URL]","[USER] That's definitely not what we'd like to hear from our customer. Please do let us know what went wrong, we'd like to assist you with it. ^EM",2290079,Sun Nov 12 06:05:25 +0000 2017,feedback,1,Long-running unresolved platform issues,CB,human
440289,7f692ea38d93f23104515b2481fb0e9cde5f13612226bf6bff6d835f71ad31f9,[USER] A friend of mine has been locked out of his account since Sunday. Called 5 times and apparently no one can help. Where support?,"[USER] Sorry to hear this! When they contacted us, what options and info were they given? Keep us updated, we're here to help! ^TH",440287,Wed Oct 25 17:44:14 +0000 2017,account,1,Friend locked out despite multiple calls,CB,human
2706762,e76771c1e067f643761b23e0c1cda92fea4f4f08c14afda67fd1e0524b511a5a,Stinks to pay for [USER] prime when the last 3 orders have had shipping delays with items eligible for prime. 😐,"[USER] Brandon, I'm sorry to hear your shipping experience has been less than awesome. Without providing personal account details, have you contacted phone support regarding your deliveries? Is there an order that is still delayed at this time? ^SY",2706760,Sun Nov 19 23:30:14 +0000 2017,delivery,1,Repeated Prime shipping delays,CB,human
2478826,b10c3a7bcc375b2c332b07c124c08f4a9da8f204451b7b0bcc8980b7d50b5a48,[USER] I sent x 2 items back to you on 7th November. You have refund one item. The other for £154.99 has not been refund. I’ve been told to wait 7 working days. I’ve waited and still no money in my account. Where is my REFUND AMAZON??? Your custemure service #sucks #terible,[USER] Thanks for reaching out to us! Have we received your return? You can learn more about refund time frames here: [URL] I hope this helps! Let us know if you need further assistance. ^SW,2478824,Wed Nov 15 14:59:56 +0000 2017,refund_return,1,One of two returns not refunded,CB,human
2521800,b10c3a7bcc375b2c332b07c124c08f4a9da8f204451b7b0bcc8980b7d50b5a48,"[USER] [USER] [USER] Order number: [ORDER_ID] 
WHERE IS MY REFUND???? 
I have been calling u and emailing you for weeks. Why have you not refunded me!? Explain.... #amazonshit","[USER] Hello, thanks for reaching out! I have responded to your DM.

For security reasons, we recommend removing your Tweet with your order number on it.  ^AR",2521799,Tue Nov 21 21:12:05 +0000 2017,refund_return,1,Weeks without a refund,CB,human
2793129,b10c3a7bcc375b2c332b07c124c08f4a9da8f204451b7b0bcc8980b7d50b5a48,"[USER] [USER] [USER] Order number: [ORDER_ID] 
WHERE IS MY REFUND???? 
I have been calling u and emailing you for weeks. Your custmoure Care line don’t know what’s going on! Please sort this out ASAP.... #angery #TuesdayThoughts #Amazon #money #refund #nothappy","[USER] I'm so sorry for the poor experience! When you last spoke with us, what information or options were provided?  ^AG",2793127,Tue Nov 21 21:03:59 +0000 2017,refund_return,1,Weeks without a refund,CB,human
2899662,b10c3a7bcc375b2c332b07c124c08f4a9da8f204451b7b0bcc8980b7d50b5a48,[USER] please can you tell me why it is taken you over 1 month to refund me my money back after sending a parcel back to you?? #angery #refund #Amazon #AmazonUK #AmazonPrime #amazon #poorservice #,"[USER] Oh no! Please check out this Help page fore more information on late refunds, as well as refund processing times: [URL] ^BE",2899661,Tue Nov 28 17:44:33 +0000 2017,refund_return,1,Month-long refund after a return,CB,human
804073,e0757a0cd3dda471c6e72d6f05699f4b2b275d0bffca663374d03c513ec2cead,"[USER] Hi, ordered a product to be delivered today.. however I have received an empty box.. please help!",[USER] Oh no! I'm sorry! Please reach out to us via phone/chat here: [URL] for real-time assistance with this! ^TK,804072,Thu Oct 12 16:59:06 +0000 2017,delivery,1,Empty box delivered,CB,human
2347828,11c129f3bea1a40145445d746f9b74b766cdce5ef60645d2c3aafeb24570cd50,"[USER] [USER]  Hi! I'd ordered Bru Instant 100 Gm Jar (Qty - 3). Got the coffee, but not the jars! Do you have an email ID to which I can send details?",[USER] Our support team would be happy to help you out! Please contact us from here: [URL] ^MP,2347827,Mon Nov 13 16:06:12 +0000 2017,product,1,Coffee delivered without the jars,CB,human
1349316,00bf2479ace7aa9ed4e8355ebcdea4c8195557bf4777bb87140824301140a4d9,"[USER] Amazon transportation service is the worst one and most untrustable service in all online services in NCR. Dont ever give office address for delivery, they dont know the meaning of Office timings to deliver before 6 PM
Customer representative also making fool of people.","[USER] I'm sorry about that, I understand your concern, I've noted your comments and have forwarded your feedback internally.(1/2) ^VR",1349315,Mon Oct 16 13:29:55 +0000 2017,delivery,1,Office-hours delivery and agent complaint,CB,human
2663276,cc0e86817b7c9e0acb231cf6324db364fe18d5d409c582062edf0106de77e727,La #censura di #Amazon [URL],[USER] Hai verificato che la recensione rispettasse le linee guida indicate nel link che appare nella foto? A presto! ^FA,2663275,Sun Nov 19 08:02:02 +0000 2017,other,1,Italian review-censorship question,CB,human
1990156,84516be14a3f9ebf0c5b7b4e99aaab54634b36ef1bf11ff76c7e7c69d9351894,Dear [USER] - it's not really 2-day shipping if it doesn't ship for a week. You used to realize this - what happened?,[USER] I'm sorry for the aggravation! Is the item that you are ordering currently in stock? ^DD,1990154,Wed Oct 18 19:05:22 +0000 2017,delivery,1,Two-day shipping did not ship for a week,CB,human
1496654,4a6a3c458a88fe8fb443f29d036080ad3d987c0f2debfeb4cc086285deed3d3a,"[USER] loved echo dot, ordered products, played songs, booked Ola just with voice!",[USER] That's exactly what we are obsessed with; Customer satisfaction! Hope Echo continues to assist you in the same way :) ^GD,1496653,Fri Nov 03 11:59:58 +0000 2017,feedback,0,Praise for Echo Dot,CB,human
1015567,dfffb8f3d8bab2d69cf32d9eeae51be207b5331a1af4d8cebd9904da6a494501,"[USER] Hi I'm wondering about this article [URL] … I pre-ordered this, were you really selling this or it's fake?",[USER] 1/2 I'm sorry for the concern. The product page has been updated here: [URL] [USER] 2/2 Feel free to cancel the original order and place a new one using the updated page. We don't charge until it ships. ^BH,"1015571,1015565",Sat Oct 14 15:15:53 +0000 2017,product,1,Pre-order listing may be fake,CB,human
850174,7666056a442301f742edbc732311f91384cb311420b595b0086f3ba89562cc13,[USER] is the worst place EVER to buy things every time i order something out of that fucking place something happens,[USER] I'm sorry we've failed you. Can you let us know more about what's going on? ^EM,850173,Fri Oct 13 12:41:19 +0000 2017,feedback,1,General complaint that every order fails,CB,human
1535370,7666056a442301f742edbc732311f91384cb311420b595b0086f3ba89562cc13,Well every time i order something it dosent get here on time [URL],"[USER] I'm sorry! So we can better assist, please contact us here: [URL] ^WT",1535369,Tue Oct 17 02:23:22 +0000 2017,delivery,1,Orders never arrive on time,CB,human
698740,3c0f9dea4d58b3bc19446a4d28e0d87e65e6d5a60863fcefd436affc4462a674,[USER] what recourse does a prime member have 4 late orders? 2nd order in 3 months fulfilled by Amazon that is beyond the two day window!,[USER] I'm sorry that your order hasn't arrived as expected! Is it past the delivery date given in the confirmation email? ^AH,698738,Fri Oct 13 01:32:02 +0000 2017,delivery,1,Prime late-order recourse,CB,human
2236394,3c0f9dea4d58b3bc19446a4d28e0d87e65e6d5a60863fcefd436affc4462a674,[USER] sucks again. Preorder a CD. Release today. No ship date. Out of stock. What was the point of pre order?! Yet again you fail me on physical music orders!!,"[USER] I'm so sorry to hear this, Brandon. We'd like to help in any way we can. What was the delivery date provided in your confirmation email? ^BL",2236393,Fri Nov 10 18:25:51 +0000 2017,delivery,1,Pre-order CD out of stock on release day,CB,human
479293,e9da404d565ae9612216c87667c9d97cecf3810581a24fc22d07ea5fa74d7bf7,Oi [USER] meu pedido tá constando como entregue e não chegou nada aqui em casa. Vocês poderiam ajudar?,"[USER] Olá Felipe, sinto muito pelo inconveniente. Qual era a data estimada de entrega? ^MB",479291,Fri Dec 01 13:09:23 +0000 2017,delivery,1,Portuguese marked delivered but nothing arrived,CB,human
1037418,b6c5b939f3d3de62f7e92e522ce464f6a953d615be356cc0c63eaa6238d42f39,"[USER] Bonsoir, j'ai commandé un colis sur votre site et on m'indique qu'il n'a pas pu être livré. Comment en connaître la raison ?","[USER] Bonsoir, n'ayant pas une visibilité sur votre compte depuis twitter, veuillez le signaler à notre SAV: [URL]",1037417,Sat Oct 14 18:38:01 +0000 2017,delivery,1,French failed delivery with no reason,CB,human
2439654,3544dae2c444e5c08578488e49044b9223393fa7a0d0627be360cedfea42b0bf,I keep ordering bath bombs from [USER] but every time I get them in the mail it’s just a toaster in a box. This shit isn’t funny anymore.,[USER] I'm sorry to hear you didn't receive the correct item! Has this happened with the same listing twice? You can also look into return/replacement options here: [URL] ^BH,2439653,Tue Nov 14 22:25:58 +0000 2017,product,1,"Ordered bath bombs, received a toaster",CB,human
2719406,906d78ae5c237c95348d515f90102445c200207c51388288b6de10fda9833966,[USER] are you planning on allowing multiple commands e.g. Alexa turn on living room lights & play music? This would be a really useful features,"[USER] Hi Tony, thanks for sending in your comments. You can send feedback directly to Alexa, more info here: [URL] ^TI",2719405,Mon Nov 20 08:41:14 +0000 2017,feedback,1,Alexa multi-command feature request,CB,human
28437,35d6cf901d3b75441820fb7c65ee328f1a28fe65bbb15d8ab19ac5d13e51e351,[USER] versendet ihr heute Call of Duty WW2 oder erst morgen ! Weil das Spiel Freitag raus kommt 🙈😂 hoffe es kommt pünktlich an bei mir,"[USER] Wir versenden so, dass es am Freitag bei dir zugestellt werden kann. Liebe Grüße ^AN",28436,Wed Nov 01 10:45:41 +0000 2017,delivery,1,German COD WW2 ship-today question,CB,human
61021,35d6cf901d3b75441820fb7c65ee328f1a28fe65bbb15d8ab19ac5d13e51e351,[USER] habt ihr dem Preis von Call of Duty WW2 angepasst?! Weil bei mir steht das ich Geld zurück bekomme?!,[USER] Alles Wissenswerte findest du hier: [URL] Hast du diesbezüglich eine E-Mail bekommen? Gruß ^MI,61020,Wed Nov 01 21:08:21 +0000 2017,payment,1,German price-adjustment/refund question,CB,human
1289723,35d6cf901d3b75441820fb7c65ee328f1a28fe65bbb15d8ab19ac5d13e51e351,[USER] Abend ne frage ich habe COD Ww2 vorbestellt und wird versendet am 30.10. heißt das wirklich das es bei mir am 3.11 da ist?!,[USER] Wir haben am 31.10. + 01.11.17 einen Feiertag. Die verzögern naturgemäß die Auslieferung. :) ^BL,1289720,Thu Oct 26 20:04:27 +0000 2017,delivery,1,German pre-order arrival-date question,CB,human
2530692,35d6cf901d3b75441820fb7c65ee328f1a28fe65bbb15d8ab19ac5d13e51e351,[USER] ich habe Call ofDuty bestellt vor einer WocheDer Auftrag wurde bestätigt und soll heute dem 30.10 versendetWerden die Mail fehlt,"[USER] Hi, der Artikel wird so versendet, dass er zum genannten Lieferdatum bei dir ist. Liebe Grüße ^TA",2530690,Mon Oct 30 10:40:32 +0000 2017,delivery,1,German confirmed order missing dispatch mail,CB,human
191826,cc286c0b050ad6444b6e17e56ef610d6b4e1e655ac0f7e3eab0422b1ab091b1f,thank you to [USER] for getting me my money back after ordering an Xbox and it turned out to be some dodgy seller!!,[USER] We're glad to hear this! Please let us know if you encounter anything else we can help with! ^GL,191825,Wed Oct 04 15:08:44 +0000 2017,feedback,0,Thanks after a refund from a dodgy seller,CB,human
1490782,cc286c0b050ad6444b6e17e56ef610d6b4e1e655ac0f7e3eab0422b1ab091b1f,so i pre-order [USER] new album from [USER] and it isn't being delivered until 10th November?!,"[USER] Hello, has this been delayed ? What was the date provided to you via email when you placed the order? ^CR",1490781,Fri Nov 03 09:29:03 +0000 2017,delivery,1,Pre-order album not arriving until much later,CB,human
2457813,3067e6aec54a0760ccc9de48b1b42d03d6a8bc3da7bd8fc113e0e9bbe68d22a7,It’s sad to see amazon customer care doesn’t respond to the concerns raised through mail on app [USER],[USER] That's odd! We'd like to help you out. Could you please tell us more about what went wrong? ^AP,2457810,Wed Nov 15 05:21:52 +0000 2017,feedback,1,App/mail support not responding,CB,human
2468602,e7064ea196eb9d619d34c4daedaef2638625d80f47f74fd9c61916a4c6c61faf,[USER] your customer service is wonderful but please add a way to select delivery service. My local post office is terrible.,"[USER] Thanks for letting us know. Without posting account information, can you tell us more? Are you currently having trouble with an order? ^LI",2468600,Tue Nov 21 14:59:11 +0000 2017,feedback,1,Wants to choose a delivery carrier,CB,human
268138,af0a0e627ac6367b11b458b2a30903d79e78591a8af7475a1bd70640f2b7ee94,[USER] please figure it out. I’m not paying for prime to have problems occur at the worst possible time... The [USER] are on!,"[USER] I'm sorry for the frustration! Without giving account details, can you please tell us what's going on? ^AC",268136,Fri Oct 06 00:30:32 +0000 2017,other,1,Unspecified Prime failure at a bad time,CB,human
778968,094e096da5c40a232ffba3e80459f553ba838a01c7dff9b469b5e0ac81b4336e,"[USER] [USER] where is my order?? Nonresponse fem seller or amazon, r u blufding with customers?? [URL]","[USER] Please don't provide your order details, as we consider it to be personal information. Our Twitter page is public.​^RW [USER] I'm sorry for the delay. Please connect with our support team here: [URL] for assistance. ^RW","778967,778969",Thu Oct 12 04:20:27 +0000 2017,delivery,1,Missing order; seller and Amazon silent,CB,human
199974,b9c58ddce746fa6fe5b62e9ac339200aafedb6d59638d63a879282cb1a6da389,"[USER] what kind of deal you are talking about?
Only ad and nothing on ground reality. Lighting deal and regular price no change, focus. [URL]",[USER] Could you please tell us if you're referring to any particular product? ^HN,199973,Wed Oct 04 17:53:22 +0000 2017,payment,1,Lightning deal matches regular price,CB,human
810225,6b071e43ddf0af2a4f1e524ce1f2a0b27209252a983483f6792537693ce54b81,[USER] Where are the remaining episodes ? [URL],"[USER] Could you please help us with the series title, so that we can check this for you? ^VN",810222,Thu Oct 12 18:50:42 +0000 2017,product,1,Missing remaining episodes,CB,human
549377,f4b94821159e4974022084b6d3735e1ff440cab7d97ce554ae0ba4793bc10070,[USER] 2 weeks and still no parcel as promised and I paid for delivery feels like you have stole my money,[USER] I'm sorry for the concern this has caused. I know delivery issues can be frustrating and we'd like to help! What was the original delivery date in the confirmation e-mail seen here: [URL] ^SG,549374,Sat Dec 02 18:36:49 +0000 2017,delivery,1,"Two weeks, paid delivery, no parcel",CB,human
2645616,c77b2b2dacc923f69c9e7fabb87020dfc981a5759c9643ac9e8e4add6dffbf3d,"[USER] Könntet ihr mal bitte das Produktbild hierzu hochladen?
[URL] 
Planet der Affen Trilogie als Steelbook","[USER] Hi, das Fehlen des Bildes leite ich gerne an die zuständigen Kollegen weiter. :) Lieber Gruß ^SI",2645615,Fri Nov 17 19:21:51 +0000 2017,product,1,German missing steelbook product image,CB,human
2318321,3e3edf8db2c837041fcc93a06d12359afaabcafc89159a41d0d8c15e4aadf797,[USER] The worst service.The worst customer care.,"[USER] That's a rather regretful remark, Krishna. Could you please elaborate on what lead to it? ^SY",2318319,Mon Nov 13 10:02:34 +0000 2017,feedback,1,Worst service with no specified issue,CB,human
388403,77f164e0017a98d3bc317b53c7739e2ebb8a8eccb481d644d5d675754a38c994,"#Amazon [USER] se faire insulter parce que je refuse le colis du voisin, expliquant que son nom n'est pas le mien : check !","[USER] Bonjour, je suis désolée pour cela!
Pourriez-vous me confirmer le nom du transporteur qui a pris en charge la livraison?^FT",388400,Mon Oct 09 14:11:18 +0000 2017,delivery,1,French insulted for refusing a neighbour parcel,CB,human
389340,77f164e0017a98d3bc317b53c7739e2ebb8a8eccb481d644d5d675754a38c994,"Le nouvel #iPad du voisin ? 🤔
Il semblerait que le livreur #Amazon ait fait carrière comme marchand de tapis 😂
C'est bon chef, colis livré ! [URL]","[USER] Bonjour, s'agit-il d'un colis destiné à votre voisin? Avez-vous une visibilité sur le transporteur l'ayant pris en charge svp? SA",389338,Mon Oct 09 14:29:34 +0000 2017,delivery,1,French driver marked a neighbour parcel delivered,CB,human
912534,64efdfe76079dbbfbd4d7d75fa129d632f573afa948bdaf2865d2fca91e0cdd2,"[USER] my. item is on not yet. dispatched for 3 days already, why?",[USER] I'm sorry for this wait. What is the delivery estimate given here:  [URL] ^DO,912532,Sat Oct 21 07:40:14 +0000 2017,delivery,1,Not dispatched for three days,CB,human
1397258,c5e0f8ad6a2f35bb05506b0758a09c2168dac3f04fcf6e43bfc9edaa772cf79b,[USER] where should I ask why the x factor episode 12 is missing? [URL],"[USER] We'd like to look into this for you. At your earliest convenience, reach us here: [URL] ^LI",1397256,Sat Oct 28 15:12:24 +0000 2017,product,1,X Factor episode missing,CB,human
1539852,927f942a0f481bc6a264c10892f0c60816ecde37ac398e7a6d5527a61bf5c0a4,[USER] Good day. How come no one can tell me what I am being billed for? Been through all channels and issue not resolved. Please help?,"[USER] I'm so sorry! When you reached out to us, what information was provided?  ^AG",1539848,Tue Oct 17 01:49:47 +0000 2017,payment,1,Billed with no explanation of the charge,CB,human
1396166,e4ae0b69d79bc9fe10ed641235abd6f133e11352f173ecf7fcc952b267673180,[USER] trying to order on UK site going to basket but no option to checkout? only option is to continue shopping what gives? on mobile site #confused,[USER] Sorry for the troubles! Have you tried using another browser or different device? Let us know if that resolves the issue. ^TH,1396164,Sat Oct 28 14:35:50 +0000 2017,product,1,UK mobile site has no checkout,CB,human
1193412,87b246025c41aa93e5bd364091aa05156a7d048d11d3a2ab19c0feaf8be4c6cf,if I get my prime membership extended a month every-time [USER] logistics screws up delivery I will never have to pay for it again,"[USER] This definitely isn't what we like to hear! Without including account info, could you tell us more about what's going on? ^ML",1193410,Wed Oct 25 01:08:22 +0000 2017,delivery,1,Prime logistics delivery failures,CB,human
1061395,4b75b726738e940d726d7c91290a15cda15b71f9245c475355707b100db4eb95,[USER] hasta cuando tendrán mirror mirror para envió 😭,"[USER] Hola Amanda, el envío del libro ""Mirror, Mirror"" puede tardar 3 semanas. ^DA",1061394,Mon Oct 23 12:50:49 +0000 2017,delivery,1,Spanish when Mirror Mirror will ship,CB,human
1231271,4b75b726738e940d726d7c91290a15cda15b71f9245c475355707b100db4eb95,[USER] Mirror Mirror ya sale como disponible. Para cuando se envía para quienes lo compraron antes?,"[USER] Hola Amanda, apenas tengamos la fecha estimada de tu pedido recibirás un e-mail con más detalles. ^LG",1231270,Wed Oct 25 20:56:30 +0000 2017,delivery,1,Spanish earlier buyers waiting after listing became available,CB,human
863813,63403ad5d0771a94bdb71cf1e16c5d3c0d821aba47a0b4362c0d097d4b910d2c,[USER] I’ve got a HUGE issue. I placed an order and used a gift card balance to pay for it but my credit card was just charged. Why?!,[USER] I'm sorry your card was charged. Was the total amount taken from the credit card in Your Orders here: [URL] ^SJ,863812,Fri Oct 20 17:17:11 +0000 2017,payment,1,Gift-card order also charged the credit card,CB,human
486730,5fbe944c9d25b014d4ea9cf8e12d526618055c6fdc30d4eb622358e43f99507f,8. [USER] Being a regular and devoted customer at amazon never expected this. Really dissapointing experience.,[USER] We would like to help you. Please share your details with us here: [URL] We'll get in touch shortly. ^CB,486728,Fri Dec 01 15:23:05 +0000 2017,feedback,1,Thread fragment; disappointing experience,CB,human
285115,b583e0bc03e3f27ca0129add710f19d96cf7415673c6ff66b8c6ca1e71a870b5,three Hawaiian shellbra’s ordered from [USER] from three separate companies... all came up with excuses for not sending them! Not happy 😡😡😡,"[USER] Oh no! We're here to help, Abbi! Just to clarify, has the delivery date passed? You can check here: [URL] ^AL",285112,Fri Oct 06 13:49:16 +0000 2017,delivery,1,Three sellers failed to send items,CB,human
2589169,785ce565c3ff3e278c73bce83767e5c7004bf027acbe7d72343d8ac245506b92,Mein MarioOdyssey ist immer noch nicht angekommen. Erst wurde mir gesagt Samstag dann Montag jetzt bis MIT warten Danke für nichts [USER],"[USER] Das ist schade 🙁 Bitte melde dich nach dem Feiertag nochmals beim Kundenservice, falls du Hilfe benötigst. Gruß ^MH",2589167,Mon Oct 30 18:46:14 +0000 2017,delivery,1,German Mario Odyssey still not arrived,CB,human
2565,18221bcefec76adcd8ffc4fe4a6e5baa00d91689ec4e3a25595c8f4f4c57b827,[USER] Where is my order? [URL],[USER] I'm sorry it hasn't arrived! Please reach us here: [URL] so we can look into available options. ^SJ,2564,Tue Oct 31 22:36:21 +0000 2017,delivery,1,Where is my order,CB,human
534079,2163bbac0cb8e7468c02921a1a056f0c8bb91af0ba395cceb575d8a8d0d3945d,"Delivery on my amazon order has been delayed, IT’S A BLOODY ADVENT CALENDAR.","[USER] I am really sorry to hear this, Hannah. Have you been given an update on your tracking, with a new delivery date?^SM",534078,Sat Dec 02 11:51:58 +0000 2017,delivery,1,Delayed advent calendar,CB,human
2952285,f738162cdf2f01d401544549524235d7d8086cf5e98963ad4b73e7784c744dfb,What I ordered vs what it came in. Literally a tiny fob watch. Slow clap [USER] You're wrong for the #environment. Do better! But thanks for making it recyclable at least. #Sustainability #overpackaging #dobetter [URL],[USER] We're always looking for ways to improve. Please leave feedback for our Packing team by following these steps: [URL] ^RA,2952284,Wed Nov 29 17:51:33 +0000 2017,feedback,0,Overpackaging complaint; no account action requested,CB,human
2858152,a7c7232ee05b80904aa39d7c07fe69f2bf26de2a5abb9184f52f27cc04627af5,[USER] Hey. Why is your delivery service so appalling in Herts? No tracking on parcels. Things getting lost everywhere. Lies and incompetence at call centre. Learn from [USER] if you want to see real delivery in action. #crapSrevice,[USER] I'm sorry for any frustration! Are you having trouble with a current order? ^DG,2858151,Mon Nov 27 21:42:57 +0000 2017,delivery,1,Herts delivery/tracking failures,CB,human
163473,6737a8ccacf015b2b4ab43b961b14a7ec425f44f006266c1067ad00b41fafd2d,Nice one [USER] delivered my parcel to a neighbour but no indication which neighbour! #huntthedelivery,"[USER] I'm so sorry your order was not delivered to the correct address! We want to make sure this is resolved. Have we contacted the courier of this item for additional delivery information? Have you had a chance to contact us via chat or phone? Please let us know. 

-RD",163471,Fri Nov 24 18:21:45 +0000 2017,delivery,1,"Left with a neighbour, no which-neighbour note",CB,human
1996395,1c82ba5c3412db3ed260685177d014e466a39d3c98d043aa11d7a88f0aeb4ccb,[USER] hi I have been told that my order was delivered yesterday to me but I wasn’t in and don’t have it. I have sent a DM,"[USER] Hi, I just responded to your DM. ^ES",1996394,Sun Nov 26 10:29:20 +0000 2017,delivery,1,Said delivered while customer was out; item missing,CB,human
673251,32ae1a936e583ce2cf5838ac78b377537873dfc4cbbc9131dac82f8766af3425,"[USER] necesito cambiar la dirección de entrega de un pedido ya en curso que está a punto de ser entregado pero no estaré en la dirección que ya establecí, y no veo la opción disponible en ningún sitio, tampoco quiero cancelarlo porque tarda mucho en enviarse.","[USER] ¡Hola Matícora! En este momento como tu pedido se encuentra en tránsito, puedes consultar directamente con el transportista de tu paquete para solicitar el cambio de dirección, para que puedas recibir tu pedido sin ningún problema. ^DQ",673250,Thu Nov 23 09:25:50 +0000 2017,delivery,1,Spanish change-of-address while in transit,CB,human
549487,c0aeae6662b292417852601d071dd91757035cd3a0ec145d6adbb7faf929d3e0,whats the minimum following for an #amazon affiliate? [USER] [USER],"[USER] There aren't hard numbers for the Amazon Associates program, each submission is reviewed on a case by case basis. You can learn more here: [URL] ^GS",549485,Sat Dec 02 18:25:31 +0000 2017,other,1,Affiliate-program eligibility question,CB,human
644858,8b271cb794bf6aad56dc6038298cdf9ec3ef6044cf820114dcf36f75e8c5bd83,[USER] I have a customer service issue for which I can't seem to find any help. It's getting really frustrating. Kindly DM me.,"[USER] Hello Patrick! We'd love to help in any way we can. Please DM us the issue you are experiencing and relevant details (sans personal details, of course!) and we'll be happy to assist as quickly as possible. 😊 ^JD",644857,Wed Nov 22 17:58:09 +0000 2017,other,1,Unspecified issue; asks for a DM,CB,human
144116,3ddf95f7b5c7653154b7f5913d2cd70509e5bce324c9191645feed80735a9bd2,"[USER] This is ridiculous, thrice in line the call got disconnected. Is dis how u treat ur cx's? What's the whole point in shipping with Amazon of they do not wish to help there cx's? Being a prime member offers little help","[USER] Sorry for the disappointment. Kindly click on this link here: [URL] and login to the account from which the order was placed, to connect with our support team. Please keep us posted. ^KA",144114,Fri Nov 24 13:14:09 +0000 2017,feedback,1,Calls disconnected three times,CB,human
2866068,26885f7133829e4d573b84eec69d319d407b32bcce14c54cab23247156b649e8,Hey [USER] could you get a bigger box to pack one single small lonely eraser next time? 🙄 jeeez. Waste of cardboard. [URL],"[USER] We’re always looking to improve, and would be very happy to accept your packaging feedback here: [URL] ^BV",2866067,Tue Nov 28 00:13:05 +0000 2017,feedback,0,Packaging-waste feedback on a tiny item,CB,human
179689,545b4fc29cce6da392a01e7ea0d9c4f044a26a22f969b2e30f44c1c9da8e711a,Il se passe quoi sur [USER] ? [URL],"[USER] Bonjour, pouvez-vous nous expliquer davantage le souci je vous prie ? ^KE",179688,Wed Oct 04 12:52:07 +0000 2017,other,1,French what-is-happening plus missing image,CB,human
1939040,caa41ef2b4bdbad52fa5964b74cd6acbdf51c07641c25679a35ef46d2ac1b905,[USER] C'est possible de DM ? Problème de livraison,"[USER] Bien sûr, je vous invite à initier la conversation en DM.^ASZ",1939038,Wed Oct 18 16:04:42 +0000 2017,delivery,1,French delivery problem; wants DM,CB,human
1919850,59d7197ca3a3baeea51cc183ac27103199065a64e93d0630a3a5df6d972438ad,Glad I ordered using [USER] prime on Monday for them to push delivery all the way back until Friday. Why am I paying for this again?,"[USER] I know how frustrating this is, Kyle. We are here to help! Did you receive an e-mail regarding delay? ^BA",1919849,Wed Oct 18 13:17:44 +0000 2017,delivery,1,Prime delivery pushed from Monday to Friday,CB,human
47899,89c8fae7b438223072198632cc57fbac4e302b18f78d0e2c84dacf0c94fbb8fe,[USER] hey my app not working & I’m trying read.,[USER] I'm sorry for the trouble! Have you tried the steps listed here: [URL] Let us know if this helps! ^TG,47897,Wed Nov 01 16:59:14 +0000 2017,product,1,Reading app not working,CB,human
1890613,92c60bb75fb8b535ee60a89848aca5be07d5954b50255831b0bcbd9b9145e49a,"[USER] , another frustrating case, issue is pending from last 11 days,",[USER] Sorry to hear that your issue is unresolved. Could you please let us know what went wrong? I would like to help. ^HR,1890612,Sun Nov 26 07:18:45 +0000 2017,other,1,Issue pending 11 days with no stated type,CB,human
2589161,8f6b8494241fd16dadc0e483871993bab81c1025d6a3aadc036ec15c0f38b5e5,[USER] Hello. I'm having difficulty with a delivery. Hermes say they have it but won't deal directly with me. Tracking __credit_card__,"[USER] Hey Fergus, thanks for reaching out! What does the current tracking status show here? [URL] ^FD",2589159,Mon Oct 30 18:52:50 +0000 2017,delivery,1,Hermes has the parcel but will not deal with customer,CB,human
126873,21807b768eb7177dbf38f91505a43d2f6c7a75b9099c554cf7318639584ba9bf,[USER] can i use a prepaid visa card to pay for my purchase?,"[USER] Yes, a prepaid Visa is accepted as payment through Amazon. There are a few restrictions on what can be done using prepaid credit cards. You can find out more here: [URL] ^RM",126872,Fri Nov 24 03:09:53 +0000 2017,payment,1,Prepaid Visa acceptance is a policy question,CB,human
1229464,e2e7ad9c8319d412ec3d41db13e4371b161167dbb7e3a40cddeddb7beca39ee2,[USER] wth I had order I was waiting for since Thursday and it was cancelled without ANY notification! First time that’s happened. ☹️,"[USER] I'm sorry to hear that, Stacy! We'd like to help. Was your order said to be shipped by Amazon or a third-party seller? ^HC",1229461,Mon Oct 16 00:57:47 +0000 2017,refund_return,1,Order cancelled without notification,CB,human
1072161,ad6aa689c38139c4737a996b455380a2559a3f75e1c7718ab52c468ff8bbf75e,Ordered [USER] 3T on 5 Oct from [USER] I was promised delivery by 8th but it has been 15 Oct and delivery still in process (#1),[USER] Sorry to know about the delay in delivering your order. Please reach us from here: [URL] we'll assist. ^SV,1072159,Sat Oct 14 23:51:59 +0000 2017,delivery,1,Promised date missed by a week,CB,human
1576212,ad6aa689c38139c4737a996b455380a2559a3f75e1c7718ab52c468ff8bbf75e,"Escalated the problem 100 of times via mail, chat, call. No resol. Product was supposed to be delivered on 9 October
[USER] [USER]","[USER] Please revert to the email from our team for further update. However, I see that our team is already working on it. 2/2 ^RS [USER] We've sent the correspondence to your registered email ID. Kindly check it here: [URL] 1/2 ^RS","1576210,1576214",Tue Oct 17 06:26:33 +0000 2017,other,1,Repeated escalation with no resolution stated,CB,human
385048,149501bbb6af10b353dbf59f5ebe9db8ba123f3938246991d750a96998e2aefe,[USER] I had won in your #apptreasurehunt on 29th September but I haven't received the prize for it as of now. please let me know abt it,"[USER] Hey, as per the app treasure hunt contest, you're supposed to place an order for the item you found 1/2^MS [USER] Could you confirm if you had placed the order? 2/2^MS","385049,385047",Mon Oct 09 11:43:40 +0000 2017,other,1,Contest prize not received; account lookup,CB,human
564944,da5fa36fa111617f82d338a6be9f15a76aaef7fb3560a66e7d79b09366dcac52,"[USER] [USER] Hello! I ordered 50 Shades Darker, the book, and it was due Dec 1st. It’s not here at my home. Please assist. 😭😭😭",[USER] We are sorry that your book has not arrived as expected. Have you received an email with an explanation for the delay? ^LM,564943,Sun Dec 03 00:06:07 +0000 2017,delivery,1,Book not at home on due date,CB,human
539819,2d20cf225110a4bc78b5a0e8db3ebd0dcb0e025b6514ba8b352647aae1f54e39,[USER] ¿La temporada 3 de Mozart in the Jungle aún no está disponible para México?,"[USER] Hola Juan Luis, apenas tengamos novedades y actualizaciones en nuestro catálogo, será anunciado directamente en el sitio web. Te recomendamos mantenerte atento nuestra página. ¡Saludos! ^LG",539817,Sat Dec 02 14:52:40 +0000 2017,product,1,Spanish catalog availability for a series,CB,human
2683610,e643ecae69791634e1f0dcbe5b41367ce5152e319de4b11b513b3f32e3080fe6,[USER] [USER] thx for nondelivery till now of the guaranteed delivery item  after paying the charges. Pathetic services,[USER] Sorry to know about the delay with the order delivery. This isn't what we intended. Please report the issue to our support team using this link here: [URL] and we'll have this checked. ^KA,2683609,Sun Nov 19 13:45:14 +0000 2017,delivery,1,Guaranteed delivery still missing,CB,human
1328598,b058b93462f3e5d30730af3035f8e278aa7b17ee5471e1440defe2b61f10e9c5,".[USER] This truck driver ran a red light at Boston & S Potomac St in Baltimore today at 7:45. He was also driving thru a ""no trucks"" zone. [URL]","[USER] Hi, we'd like to look into this with you. Please fill out this secure form from a non-mobile device: [URL] ^TS",1328596,Fri Oct 27 12:17:35 +0000 2017,other,1,Driver safety report needs operations,CB,human
1463447,22af801b6d1f5350e451755e9809a90a21191b16d623fde9720ae80fa2e69edb,[USER] [URL] ist das euer ernst???,[USER] Das ist ein Zusatzangebot von [URL] Weitere Informationen findest du hier: [URL] ^MI,1463445,Thu Nov 02 18:43:31 +0000 2017,other,1,German reaction plus URL; missing image,CB,human
